Summary,Issue key,Issue id,Issue Type,Status,Project key,Project lead,Priority,Resolution,Assignee,Reporter,Creator,Created,Updated,Last Viewed,Resolved,Due date,Votes,Labels,Description,Environment,Watchers,Watchers Id,Original estimate,Remaining Estimate,Time Spent,Work Ratio,Σ Original Estimate,Σ Remaining Estimate,Σ Time Spent,Security Level,Inward issue link (Blocks),Inward issue link (Blocks),Inward issue link (Blocks),Inward issue link (Blocks),Outward issue link (Blocks),Inward issue link (Cloners),Inward issue link (Cloners),Inward issue link (Cloners),Inward issue link (Cloners),Inward issue link (Cloners),Inward issue link (Cloners),Inward issue link (Cloners),Inward issue link (Cloners),Inward issue link (Cloners),Inward issue link (Cloners),Inward issue link (Cloners),Inward issue link (Cloners),Outward issue link (Cloners),Attachment,Attachment,Custom field (Actual Result),Custom field (Actual end),Custom field (Actual start),Custom field (Category),Custom field (Change reason),Custom field (Change risk),Custom field (Change type),Custom field (Compass),Custom field (Development),Custom field (Epic Color),Custom field (Epic Link),Epic Link Summary,Custom field (Epic Name),Custom field (Epic Status),Custom field (Expected Result),Custom field (Impact),Custom field (Issue color),Custom field (Locked forms),Custom field (Open forms),Custom field (Rank),Custom field (Request Type),Sprint,Custom field (Start date),Custom field (Story Points),Custom field (Story point estimate),Custom field (Submitted forms),Custom field (Target end),Custom field (Target start),Custom field (Team),Custom field (Test Level),Custom field (Test Steps),Custom field (Testcase Result),Custom field (Total forms),Custom field ([CHART] Date of First Response),Status Category
NA12 - Verify Customer Registration Information - Check Email does not match,N1-100,10270,Story,Done,N1,Anh Hoang,Medium,Done,Nam Pham,Anh Hoang,Nam Pham,3/15/2023 13:55,3/15/2023 13:58,3/16/2023 13:15,3/15/2023 13:58,,0,NewAccount,,,Nam Pham,63918a09fde064eda2f2a89b,,,,,,,,,,,,,,,,,,,,,,,,,,,15/Mar/23 1:57 PM;63918a09fde064eda2f2a89b;Screenshot 2023-03-15 135507.png;https://hoanganhtuan102003.atlassian.net/secure/attachment/10314/Screenshot+2023-03-15+135507.png,,"show notifications""Email không hợp lệ""",,,,,,,,,,N1-1,New Account,,,"show notifications""Email không hợp lệ""",,purple,,,0|i001mv:,,,,,,,,,,Unit,"1) Enter all required fields
2)Enter an Invalid Email
3)Đăng Kí",Pass,,,Done
NA11 - Verify Customer Registration Information - Check Comfirm Password cannot be empty,N1-99,10269,Story,Done,N1,Anh Hoang,Medium,Done,Nam Pham,Anh Hoang,Nam Pham,3/15/2023 13:51,3/15/2023 13:53,3/15/2023 13:58,3/15/2023 13:53,,0,NewAccount,,,Nam Pham,63918a09fde064eda2f2a89b,,,,,,,,,,,,,,,,,,,,,,,,,,,,,"show notifications""vui lòng điền vào trường này""",,,,,,,,,,N1-1,New Account,,,"show notifications""vui lòng điền vào trường này""",,purple,,,0|i001mn:,,,,,,,,,,Unit,"1) Enter all required fields
2)Leave Comfirm password blank
3)Đăng Kí",Pass,,,Done
NA10 - Verify Customer Registration Information - Check Password cannot be empty,N1-98,10268,Story,Done,N1,Anh Hoang,Medium,Done,Nam Pham,Anh Hoang,Nam Pham,3/15/2023 13:49,3/15/2023 13:53,3/15/2023 13:53,3/15/2023 13:49,,0,NewAccount,,,Nam Pham,63918a09fde064eda2f2a89b,,,,,,,,,,,,,,,,,,,,,,,,,,,,,"show notifications""vui lòng điền vào trường này""",,,,,,,,,,N1-1,New Account,,,"show notifications""vui lòng điền vào trường này""",,purple,,,0|i001mf:,,,,,,,,,,Unit,"1) Enter all required fields
2)Leave password blank
3)Đăng Kí",Pass,,,Done
NA09 - Verify Customer Registration Information - Check Phone Number cannot be empty,N1-97,10267,Story,Done,N1,Anh Hoang,Medium,Done,Nam Pham,Anh Hoang,Nam Pham,3/15/2023 13:46,3/15/2023 13:49,3/15/2023 13:51,3/15/2023 13:48,,0,NewAccount,,,Nam Pham,63918a09fde064eda2f2a89b,,,,,,,,,,,,,,,,,,,,,,,,,,,,,"show notifications""vui lòng điền vào trường này""",,,,,,,,,,N1-1,New Account,,,"show notifications""vui lòng điền vào trường này""",,purple,,,0|i001m7:,,,,,,,,,,Unit,"1) Enter all required fields
2)Leave the phone number blank
3)Đăng Kí",Pass,,,Done
NA08 - Verify Customer Registration Information - Check Email cannot be empty,N1-96,10266,Story,Done,N1,Anh Hoang,Medium,Done,Nam Pham,Anh Hoang,Nam Pham,3/15/2023 13:42,3/15/2023 13:45,3/15/2023 13:50,3/15/2023 13:43,,0,NewAccount,,,Nam Pham,63918a09fde064eda2f2a89b,,,,,,,,,,,,,,,,,,,,,,,,,,,,,"show notifications""vui lòng điền vào trường này""",,,,,,,,,,N1-1,New Account,,,"show notifications""vui lòng điền vào trường này""",,purple,,,0|i001lz:,,,,,,,,,,Unit,"1) Enter all required fields
2)leave email blank
3)Đăng Kí",Pass,,,Done
"LL04 - Verify Login - No account
",N1-95,10265,Story,Done,N1,Anh Hoang,Medium,Done,Man Man,Anh Hoang,Man Man,1/5/2023 17:03,3/15/2023 12:30,3/16/2023 13:15,1/5/2023 17:04,,0,,,,Man Man,629edf059248fe0069116b54,,,,,,,,,,,,,,,,,,,,,,,,,,N1-73,05/Jan/23 5:04 PM;629edf059248fe0069116b54;screenshot_1672909558.png;https://hoanganhtuan102003.atlassian.net/secure/attachment/10313/screenshot_1672909558.png,,error message shown,,,,,,,,,,N1-7,Login & Logout,,,"An error message ""No account"" must be shown",,purple,,,0|i001lr:,,,,,,,,,,Unit,,Pass,,,Done
IP01 - Verify Change Password - Check Change Password is successfully,N1-94,10264,Story,To Do,N1,Anh Hoang,Medium,,,Nam Pham,Nam Pham,1/5/2023 16:59,3/15/2023 12:22,3/15/2023 13:59,,,0,,,,Nam Pham,63918a09fde064eda2f2a89b,,,,,,,,,,,,,,,,,,,,,,,,,,,,,,,,,,,,,,,N1-3,Change Password,,,"An error message ""Check Change Password is successfully"" must be shown",,purple,,,0|i001lj:,,,,,,,,,,,,,,,To Do
OI11 - Verify Telephone Number – First character cannot have space,N1-93,10263,Bug,In Progress,N1,Anh Hoang,Medium,,Man Man,Anh Hoang,Man Man,1/5/2023 16:49,3/15/2023 12:33,3/16/2023 13:15,,,0,,,,Man Man,629edf059248fe0069116b54,,,,,,,,,,,,,,,,,,,,,,,,,,N1-91,05/Jan/23 4:51 PM;629edf059248fe0069116b54;screenshot_1672909558.png;https://hoanganhtuan102003.atlassian.net/secure/attachment/10311/screenshot_1672909558.png,,No error message shown,,,,,,,,,,N1-82,Order information,,,"An error message ""First character cannot have space"" must be shown",,purple,,,0|i001lb:,,Sprint 1,,,,,,,,Unit,1) Enter First character Blank space,Fail,,,In Progress
OI10 - Verify Telephone Number – Character are not allowed,N1-92,10262,Bug,In Progress,N1,Anh Hoang,Medium,,Man Man,Anh Hoang,Man Man,1/5/2023 16:49,3/15/2023 12:33,3/16/2023 13:15,,,0,,,,Man Man,629edf059248fe0069116b54,,,,,,,,,,,,,,,,,,,,,,,,,,N1-91,05/Jan/23 4:50 PM;629edf059248fe0069116b54;screenshot_1672909558.png;https://hoanganhtuan102003.atlassian.net/secure/attachment/10310/screenshot_1672909558.png,,No error message shown,,,,,,,,,,N1-82,Order information,,,"An error message ""Character are not allowed"" must be shown",,purple,,,0|i001l3:,,Sprint 1,,,,,,,,Unit,1) Enter Blank space in Telephone ,Fail,,,In Progress
OI09 - Verify Telephone Number – Special character are not allowed,N1-91,10261,Bug,In Progress,N1,Anh Hoang,Medium,,Man Man,Anh Hoang,Man Man,1/5/2023 16:40,3/15/2023 12:33,3/16/2023 13:15,,,0,,,,Man Man,629edf059248fe0069116b54,,,,,,,,,,,,,,N1-92,N1-93,,,,,,,,,,,N1-88,05/Jan/23 4:49 PM;629edf059248fe0069116b54;screenshot_1672909558.png;https://hoanganhtuan102003.atlassian.net/secure/attachment/10307/screenshot_1672909558.png,,No error message shown,,,,,,,,,,N1-82,Order information,,,"An error message ""Special character are not allowed"" must be shown",,purple,,,0|i001kv:,,Sprint 1,,,,,,,,Unit,1) Enter Special Character In Telephone Field,Fail,,,In Progress
OI08 - Verify Telephone Number – Mobile no must not be blank,N1-90,10260,Story,Done,N1,Anh Hoang,Medium,Done,Man Man,Anh Hoang,Man Man,1/5/2023 16:40,3/15/2023 12:32,3/16/2023 13:15,1/5/2023 16:59,,0,,,,Man Man,629edf059248fe0069116b54,,,,,,,,,,,,,,,,,,,,,,,,,,N1-88,05/Jan/23 4:48 PM;629edf059248fe0069116b54;screenshot_1672909558.png;https://hoanganhtuan102003.atlassian.net/secure/attachment/10306/screenshot_1672909558.png,,error message shown,,,,,,,,,,N1-82,Order information,,,"An error message ""Mobile no must not be blank"" must be shown",,purple,,,0|i001kn:,,Sprint 1,,,,,,,,Unit,"1) Do not enter a value in Telephone Field
2) Press TAB and move to next Field",Pass,,,Done
OI07 - Verify Email - First character can not have space,N1-89,10259,Bug,In Progress,N1,Anh Hoang,Medium,,Man Man,Anh Hoang,Man Man,1/5/2023 16:40,3/15/2023 12:33,3/16/2023 13:15,,,0,,,,Man Man,629edf059248fe0069116b54,,,,,,,,,,,,,,,,,,,,,,,,,,N1-88,05/Jan/23 4:46 PM;629edf059248fe0069116b54;screenshot_1672909558.png;https://hoanganhtuan102003.atlassian.net/secure/attachment/10305/screenshot_1672909558.png,,No error message shown,,,,,,,,,,N1-82,Order information,,,"An error message ""First character can not have space"" must be shown",,purple,,,0|i001kf:,,Sprint 1,,,,,,,,Unit,1) Enter Blank space in Email ,Fail,,,In Progress
OI06 - Verify Email - Email ID is not valid,N1-88,10258,Story,Done,N1,Anh Hoang,Medium,Done,Man Man,Anh Hoang,Man Man,1/5/2023 16:37,3/15/2023 12:32,3/16/2023 13:15,1/5/2023 16:59,,0,,,,Man Man,629edf059248fe0069116b54,,,,,,,,,,,,,,N1-89,N1-90,N1-91,,,,,,,,,,N1-85,05/Jan/23 4:42 PM;629edf059248fe0069116b54;screenshot_1672909558.png;https://hoanganhtuan102003.atlassian.net/secure/attachment/10303/screenshot_1672909558.png,,error message shown,,,,,,,,,,N1-82,Order information,,,"An error message ""Email ID is not valid"""" must be shown",,purple,,,0|i001k7:,,Sprint 1,,,,,,,,Unit,1) Enter invalid email in Email field,Pass,,,Done
OI05 - Verify Email - Email ID must not be blank,N1-87,10257,Bug,In Progress,N1,Anh Hoang,Medium,,Man Man,Anh Hoang,Man Man,1/5/2023 16:37,3/15/2023 12:33,3/16/2023 13:15,,,0,,,,Man Man,629edf059248fe0069116b54,,,,,,,,,,,,,,,,,,,,,,,,,,N1-85,05/Jan/23 4:37 PM;629edf059248fe0069116b54;screenshot_1672909558 (e8482180-0ff7-4a76-92d2-37d2cbc199d5).png;https://hoanganhtuan102003.atlassian.net/secure/attachment/10296/screenshot_1672909558+%28e8482180-0ff7-4a76-92d2-37d2cbc199d5%29.png,05/Jan/23 4:40 PM;629edf059248fe0069116b54;screenshot_1672909558.png;https://hoanganhtuan102003.atlassian.net/secure/attachment/10299/screenshot_1672909558.png,No error message shown,,,,,,,,,,N1-82,Order information,,,"An error message ""Email ID must not be blank"" must be shown",,purple,,,0|i001jz:,,Sprint 1,,,,,,,,Unit,"1) Do not enter a value in Email Field
2) Press TAB and move to next Field",Fail,,,In Progress
OI04 - Verify Full name - Numbers are not allowed,N1-86,10256,Bug,In Progress,N1,Anh Hoang,Medium,,Man Man,Anh Hoang,Man Man,1/5/2023 16:37,3/15/2023 12:33,1/5/2023 17:09,,,0,,,,Man Man,629edf059248fe0069116b54,,,,,,,,,,,,,,,,,,,,,,,,,,N1-85,05/Jan/23 4:38 PM;629edf059248fe0069116b54;screenshot_1672909558.png;https://hoanganhtuan102003.atlassian.net/secure/attachment/10298/screenshot_1672909558.png,,No error message shown,,,,,,,,,,N1-82,Order information,,,"An error message ""Numbers are not allowed"" must be shown",,purple,,,0|i001jr:,,Sprint 1,,,,,,,,Unit,1) Enter numeric value in NAME Field,Fail,,,In Progress
OI03 - Verify Full name - First character cannot have space,N1-85,10255,Bug,In Progress,N1,Anh Hoang,Medium,,Man Man,Anh Hoang,Man Man,1/5/2023 16:32,3/15/2023 12:33,3/16/2023 13:15,,,0,,,,Man Man,629edf059248fe0069116b54,,,,,,,,,,,,,,N1-86,N1-87,N1-88,,,,,,,,,,N1-83,05/Jan/23 4:37 PM;629edf059248fe0069116b54;screenshot_1672909558 (e8482180-0ff7-4a76-92d2-37d2cbc199d5).png;https://hoanganhtuan102003.atlassian.net/secure/attachment/10294/screenshot_1672909558+%28e8482180-0ff7-4a76-92d2-37d2cbc199d5%29.png,,No error message shown,,,,,,,,,,N1-82,Order information,,,"An error message ""First character cannot have space"" must be shown",,purple,,,0|i001jj:,,Sprint 1,,,,,,,,Unit,1) Enter First character Blank space,Fail,,,In Progress
OI02 - Verify Full name - Special characters are not allowed,N1-84,10254,Bug,In Progress,N1,Anh Hoang,Medium,,Man Man,Anh Hoang,Man Man,1/5/2023 16:32,3/15/2023 12:33,3/16/2023 13:15,,,0,,,,Man Man,629edf059248fe0069116b54,,,,,,,,,,,,,,,,,,,,,,,,,,N1-83,05/Jan/23 4:34 PM;629edf059248fe0069116b54;screenshot_1672909558.png;https://hoanganhtuan102003.atlassian.net/secure/attachment/10293/screenshot_1672909558.png,,No error message shown,,,,,,,,,,N1-82,Order information,,,"An error message ""Special characters are not allowed"" must be shown",,purple,,,0|i001jb:,,Sprint 1,,,,,,,,Unit,1) Enter First character Blank space,Fail,,,In Progress
OI01 - Verify Full name - Customer name must not be blank,N1-83,10253,Story,Done,N1,Anh Hoang,Medium,Done,Man Man,Anh Hoang,Man Man,1/5/2023 16:30,3/15/2023 12:30,3/16/2023 13:15,1/5/2023 16:59,,0,,,,Man Man,629edf059248fe0069116b54,,,,,,,,,,,,,,N1-84,N1-85,,,,,,,,,,,,05/Jan/23 4:32 PM;629edf059248fe0069116b54;screenshot_1672909558.png;https://hoanganhtuan102003.atlassian.net/secure/attachment/10290/screenshot_1672909558.png,,error message shown,,,,,,,,,,N1-82,Order information,,,"An error message ""Customer name must not be blank"" must shown",,purple,,,0|i001j3:,,Sprint 1,,,,,,,,Unit,"""1) Do not enter a value in NAME Field
2) Press TAB and move to next Field""",Pass,,,Done
Order information,N1-82,10252,Epic,To Do,N1,Anh Hoang,Medium,,,Man Man,Man Man,1/5/2023 16:29,1/5/2023 16:49,3/15/2023 14:20,,,0,,,,Man Man,629edf059248fe0069116b54,,,,,,,,,,,,,,,,,,,,,,,,,,,,,,,,,,,,,,ghx-label-7,,,Order information,To Do,,,purple,,,0|i001iv:,,,,,,,,,,,,,,,To Do
P02 - Verify Purchase - select product version,N1-81,10251,Story,Done,N1,Anh Hoang,Medium,Done,Man Man,Anh Hoang,Man Man,1/5/2023 16:27,3/15/2023 12:31,3/16/2023 13:15,1/5/2023 16:59,,0,,,,Man Man,629edf059248fe0069116b54,,,,,,,,,,,,,,,,,,,,,,,,,,N1-80,05/Jan/23 4:45 PM;629edf059248fe0069116b54;screenshot_1672911866.png;https://hoanganhtuan102003.atlassian.net/secure/attachment/10304/screenshot_1672911866.png,,error message shown,,,,,,,,,,N1-8,Purchase,,,"An error message "" select product version"" must be shown",,purple,,,0|i001in:,,Sprint 1,,,,,,,,Unit,,Pass,,,Done
P01 - Verify Purchase - Add To Cart,N1-80,10250,Story,Done,N1,Anh Hoang,Medium,Done,Man Man,Anh Hoang,Man Man,1/5/2023 16:25,3/15/2023 12:31,3/16/2023 13:15,1/5/2023 16:59,,0,,,,Man Man,629edf059248fe0069116b54,,,,,,,,,,,,,,N1-81,,,,,,,,,,,,,05/Jan/23 4:27 PM;629edf059248fe0069116b54;screenshot_1672909558.png;https://hoanganhtuan102003.atlassian.net/secure/attachment/10288/screenshot_1672909558.png,,error message shown,,,,,,,,,,N1-8,Purchase,,,"An error message ""Add To Cart"" must be shown",,purple,,,0|i001if:,,Sprint 1,,,,,,,,Unit,,Pass,,,Done
CO04 - Verify Check Orders - Check order successfully,N1-79,10249,Story,Done,N1,Anh Hoang,Medium,Done,Man Man,Anh Hoang,Man Man,1/5/2023 16:19,3/15/2023 12:29,3/16/2023 13:15,1/5/2023 16:59,,0,,,,Man Man,629edf059248fe0069116b54,,,,,,,,,,,,,,,,,,,,,,,,,,N1-78,05/Jan/23 4:21 PM;629edf059248fe0069116b54;screenshot_1672909558.png;https://hoanganhtuan102003.atlassian.net/secure/attachment/10287/screenshot_1672909558.png,,error message shown,,,,,,,,,,N1-6,Check Orders,,,"An error message ""Check order successfully"" must be shown",,purple,,,0|i001i7:,,Sprint 1,,,,,,,,Unit,,Pass,,,Done
CO03 - Verify Check Orders - No special characters,N1-78,10248,Bug,In Progress,N1,Anh Hoang,Medium,,Man Man,Anh Hoang,Man Man,1/5/2023 16:16,3/15/2023 12:33,3/16/2023 13:15,,,0,,,,Man Man,629edf059248fe0069116b54,,,,,,,,,,,,,,N1-79,,,,,,,,,,,,N1-76,05/Jan/23 4:19 PM;629edf059248fe0069116b54;screenshot_1672909558 (e63af06a-85e2-4659-87e4-2959991aa2e0).png;https://hoanganhtuan102003.atlassian.net/secure/attachment/10283/screenshot_1672909558+%28e63af06a-85e2-4659-87e4-2959991aa2e0%29.png,05/Jan/23 4:19 PM;629edf059248fe0069116b54;screenshot_1672909558.png;https://hoanganhtuan102003.atlassian.net/secure/attachment/10284/screenshot_1672909558.png,No error message shown,,,,,,,,,,N1-6,Check Orders,,,"An error message ""No special characters"" must be shown",,purple,,,0|i001hz:,,Sprint 1,,,,,,,,Unit,,Fail,,,In Progress
CO02 - Verify Check Orders - Do not leave the phone number blank,N1-77,10247,Story,Done,N1,Anh Hoang,Medium,Done,Man Man,Anh Hoang,Man Man,1/5/2023 16:16,3/15/2023 12:28,3/16/2023 13:15,1/5/2023 16:59,,0,,,,Man Man,629edf059248fe0069116b54,,,,,,,,,,,,,,,,,,,,,,,,,,N1-76,05/Jan/23 4:17 PM;629edf059248fe0069116b54;screenshot_1672909558 (9ddd8211-8dae-4333-bc59-fa2d53731b94).png;https://hoanganhtuan102003.atlassian.net/secure/attachment/10282/screenshot_1672909558+%289ddd8211-8dae-4333-bc59-fa2d53731b94%29.png,,error message shown,,,,,,,,,,N1-6,Check Orders,,,"An error message ""Do not leave the phone number blank"" must be shown",,purple,,,0|i001hr:,,Sprint 1,,,,,,,,Unit,,Pass,,,Done
CO01 - Verify Check Orders - Do not leave the order number blank,N1-76,10246,Story,Done,N1,Anh Hoang,Medium,Done,Man Man,Anh Hoang,Man Man,1/5/2023 16:14,3/15/2023 12:28,1/5/2023 17:09,1/5/2023 16:59,,0,,,,Man Man,629edf059248fe0069116b54,,,,,,,,,,,,,,N1-77,N1-78,,,,,,,,,,,,05/Jan/23 4:15 PM;629edf059248fe0069116b54;screenshot_1672909558.png;https://hoanganhtuan102003.atlassian.net/secure/attachment/10279/screenshot_1672909558.png,,error message shown,,,,,,,,,,N1-6,Check Orders,,,"An error message "" Do not leave the order number blank"" must be shown",,purple,,,0|i001hj:,,Sprint 1,,,,,,,,Unit,,Pass,,,Done
LL03 - Verify Logout - logout successful,N1-75,10245,Story,Done,N1,Anh Hoang,Medium,Done,Man Man,Anh Hoang,Man Man,1/5/2023 16:03,3/15/2023 12:30,3/16/2023 13:15,1/5/2023 16:59,,0,,,,Man Man,629edf059248fe0069116b54,,,,,,,,,,,,,,,,,,,,,,,,,,N1-73,05/Jan/23 4:06 PM;629edf059248fe0069116b54;screenshot_1670905488 (5913446e-89a8-419c-91eb-d818c8c0a459).png;https://hoanganhtuan102003.atlassian.net/secure/attachment/10276/screenshot_1670905488+%285913446e-89a8-419c-91eb-d818c8c0a459%29.png,05/Jan/23 4:06 PM;629edf059248fe0069116b54;screenshot_1672909558.png;https://hoanganhtuan102003.atlassian.net/secure/attachment/10277/screenshot_1672909558.png,error message shown,,,,,,,,,,N1-7,Login & Logout,,,"An error message ""logout successful"" must be shown",,purple,,,0|i001hb:,,Sprint 1,,,,,,,,Unit,,Pass,,,Done
LL02 - Verify Login - Password must not be blank,N1-74,10244,Story,Done,N1,Anh Hoang,Medium,Done,Man Man,Anh Hoang,Man Man,1/5/2023 16:02,3/15/2023 12:30,3/16/2023 13:15,1/5/2023 16:59,,0,,,,Man Man,629edf059248fe0069116b54,,,,,,,,,,,,,,,,,,,,,,,,,,N1-73,05/Jan/23 4:03 PM;629edf059248fe0069116b54;screenshot_1670905488.png;https://hoanganhtuan102003.atlassian.net/secure/attachment/10274/screenshot_1670905488.png,,error message shown,,,,,,,,,,N1-7,Login & Logout,,,"An error message ""Password must not be blank"" must be shown",,purple,,,0|i001h3:,,Sprint 1,,,,,,,,Unit,,Pass,,,Done
LL01 - Verify Login - User-ID must not be blank,N1-73,10243,Story,Done,N1,Anh Hoang,Medium,Done,Man Man,Anh Hoang,Man Man,1/5/2023 15:59,3/15/2023 12:29,3/16/2023 13:15,1/5/2023 16:59,,0,,,,Man Man,629edf059248fe0069116b54,,,,,,,,,,,,,,N1-74,N1-75,N1-95,,,,,,,,,,,05/Jan/23 4:01 PM;629edf059248fe0069116b54;screenshot_1670905488.png;https://hoanganhtuan102003.atlassian.net/secure/attachment/10272/screenshot_1670905488.png,,error message shown,,,,,,,,,,N1-7,Login & Logout,,,"An error message ""ID must not be blank"" must be shown",,purple,,,0|i001gv:,,Sprint 1,,,,,,,,Unit,,Pass,,,Done
EA03 - Verify Edit Account -   Characters are not allowed,N1-72,10242,Story,To Do,N1,Anh Hoang,Medium,,Man Man,Anh Hoang,Man Man,1/5/2023 15:46,3/15/2023 12:25,3/16/2023 13:15,,,0,EditAccount,,,Man Man,629edf059248fe0069116b54,,,,,,,,,,,,,,,,,,,,,,,,,,N1-70,,,,,,,,,,,,,N1-5,Edit Account,,,"An error message ""Characters are not allowed""",,purple,,,0|i001gn:,,Sprint 1,,,,,,,,Unit,"1) Do not enter a value in Account No Field
2) Press TAB and move to next Field",Skip,,,To Do
EA02 - Verify Edit Account - Special character are not allowed,N1-71,10241,Bug,In Progress,N1,Anh Hoang,Medium,,Man Man,Anh Hoang,Man Man,1/5/2023 15:46,3/15/2023 12:25,3/16/2023 13:15,,,0,EditAccount,,,Man Man,629edf059248fe0069116b54,,,,,,,,,,,,,,,,,,,,,,,,,,N1-70,05/Jan/23 4:10 PM;629edf059248fe0069116b54;screenshot_1672909558.png;https://hoanganhtuan102003.atlassian.net/secure/attachment/10278/screenshot_1672909558.png,,error message shown,,,,,,,,,,N1-5,Edit Account,,,"An error message ""Special character are not allowed""",,purple,,,0|i001gf:,,Sprint 1,,,,,,,,Unit,"1) Do not enter a value in Account No Field
2) Press TAB and move to next Field",Fail,,,In Progress
EA01 - Verify Edit Account -   Account No must not be blank,N1-70,10240,Story,Done,N1,Anh Hoang,Medium,Done,Man Man,Anh Hoang,Man Man,1/5/2023 15:42,3/15/2023 12:25,3/16/2023 13:15,1/5/2023 16:59,,0,EditAccount,,,Man Man,629edf059248fe0069116b54,,,,,,,,,,,,,,N1-71,N1-72,,,,,,,,,,,,,,error message shown,,,,,,,,,,N1-5,Edit Account,,,"An error message ""Account No must not be blank""",,purple,,,0|i001g7:,,Sprint 1,,,,,,,,Unit,"1) Do not enter a value in Account No Field
2) Press TAB and move to next Field",Pass,,,Done
EC23 - Verify  Email - First character cannot have space,N1-69,10239,Story,To Do,N1,Anh Hoang,Medium,,Man Man,Anh Hoang,Man Man,1/5/2023 15:40,3/15/2023 12:21,3/16/2023 13:15,,,0,EditCustomer,,,Man Man,629edf059248fe0069116b54,,,,,,,,,,,,,,,,,,,,,,,,,,N1-68,,,,,,,,,,,,,N1-4,Edit Customer,,,"An error message ""First character cannot have space"" must be shown",,purple,,,0|i001fz:,,Sprint 1,,,,,,,,Unit,,Skip,,,To Do
EC22 - Verify Email - Email ID is not valid,N1-68,10238,Story,To Do,N1,Anh Hoang,Medium,,Man Man,Anh Hoang,Man Man,1/5/2023 15:34,3/15/2023 12:21,3/16/2023 13:15,,,0,EditCustomer,,,Man Man,629edf059248fe0069116b54,,,,,,,,,,,,,,N1-69,,,,,,,,,,,,N1-61,,,,,,,,,,,,,N1-4,Edit Customer,,,"An error message ""Email ID is not valid"" must be shown",,purple,,,0|i001fr:,,Sprint 1,,,,,,,,Unit,,Skip,,,To Do
EC21 - Verify Email - Email ID must not be blank,N1-67,10237,Story,To Do,N1,Anh Hoang,Medium,,Man Man,Anh Hoang,Man Man,1/5/2023 15:34,3/15/2023 12:20,3/16/2023 13:15,,,0,EditCustomer,,,Man Man,629edf059248fe0069116b54,,,,,,,,,,,,,,,,,,,,,,,,,,N1-61,,,,,,,,,,,,,N1-4,Edit Customer,,,"An error message ""Email ID must not be blank"" must be shown",,purple,,,0|i001fj:,,Sprint 1,,,,,,,,Unit,,Skip,,,To Do
EC20 - Verify Mobile Number - First character cannot have space,N1-66,10236,Story,To Do,N1,Anh Hoang,Medium,,Man Man,Anh Hoang,Man Man,1/5/2023 15:34,3/15/2023 12:20,3/16/2023 13:15,,,0,EditCustomer,,,Man Man,629edf059248fe0069116b54,,,,,,,,,,,,,,,,,,,,,,,,,,N1-61,,,,,,,,,,,,,N1-4,Edit Customer,,,"An error message ""First character cannot have space"" must be shown",,purple,,,0|i001fb:,,Sprint 1,,,,,,,,Unit,,Skip,,,To Do
EC19 - Verify Mobile Number  – Character are not allowed,N1-65,10235,Story,To Do,N1,Anh Hoang,Medium,,Man Man,Anh Hoang,Man Man,1/5/2023 15:34,3/15/2023 12:20,3/16/2023 13:15,,,0,EditCustomer,,,Man Man,629edf059248fe0069116b54,,,,,,,,,,,,,,,,,,,,,,,,,,N1-61,,,,,,,,,,,,,N1-4,Edit Customer,,,"An error message ""Character are not allowed"" must be shown",,purple,,,0|i001f3:,,Sprint 1,,,,,,,,Unit,,Skip,,,To Do
EC18 - Verify Mobile Number – Special character are not allowed,N1-64,10234,Story,To Do,N1,Anh Hoang,Medium,,Man Man,Anh Hoang,Man Man,1/5/2023 15:34,3/15/2023 12:20,3/16/2023 13:15,,,0,EditCustomer,,,Man Man,629edf059248fe0069116b54,,,,,,,,,,,,,,,,,,,,,,,,,,N1-61,,,,,,,,,,,,,N1-4,Edit Customer,,,"An error message ""Special character are not allowed"" must be shown",,purple,,,0|i001ev:,,Sprint 1,,,,,,,,Unit,,Skip,,,To Do
EC17 - Verify Mobile Number – Mobile no must not be blank,N1-63,10233,Story,To Do,N1,Anh Hoang,Medium,,Man Man,Anh Hoang,Man Man,1/5/2023 15:34,3/15/2023 12:20,3/16/2023 13:15,,,0,EditCustomer,,,Man Man,629edf059248fe0069116b54,,,,,,,,,,,,,,,,,,,,,,,,,,N1-61,,,,,,,,,,,,,N1-4,Edit Customer,,,"An error message ""Mobile no must not be blank"" must be shown",,purple,,,0|i001en:,,Sprint 1,,,,,,,,Unit,,Skip,,,To Do
EC16 - Verify Pin - First character cannot have space,N1-62,10232,Story,To Do,N1,Anh Hoang,Medium,,Man Man,Anh Hoang,Man Man,1/5/2023 15:32,3/15/2023 12:19,3/16/2023 13:15,,,0,EditCustomer,,,Man Man,629edf059248fe0069116b54,,,,,,,,,,,,,,,,,,,,,,,,,,N1-61,,,,,,,,,,,,,N1-4,Edit Customer,,,"An error message "" First character cannot have space"" must be shown",,purple,,,0|i001ef:,,Sprint 1,,,,,,,,Unit,,Skip,,,To Do
EC15 - Verify Pin – PIN Code must have 6 Digits,N1-61,10231,Story,To Do,N1,Anh Hoang,Medium,,Man Man,Anh Hoang,Man Man,1/5/2023 15:21,3/15/2023 12:19,3/16/2023 13:15,,,0,EditCustomer,,,Man Man,629edf059248fe0069116b54,,,,,,,,,,,,,,N1-62,N1-63,N1-64,N1-65,N1-66,N1-67,N1-68,,,,,,N1-54,,,,,,,,,,,,,N1-4,Edit Customer,,,"An error message ""PIN Code must have 6 Digits"" must be shown",,purple,,,0|i001e7:,,Sprint 1,,,,,,,,Unit,,Skip,,,To Do
EC14 - Verify Pin – Special characters are not allowed,N1-60,10230,Story,To Do,N1,Anh Hoang,Medium,,Man Man,Anh Hoang,Man Man,1/5/2023 15:21,3/15/2023 12:19,3/16/2023 13:15,,,0,EditCustomer,,,Man Man,629edf059248fe0069116b54,,,,,,,,,,,,,,,,,,,,,,,,,,N1-54,,,,,,,,,,,,,N1-4,Edit Customer,,,"An error message ""Special characters are not allowed"" must be shown",,purple,,,0|i001dz:,,Sprint 1,,,,,,,,Unit,,Skip,,,To Do
EC13 - Verify Pin - PIN Code must not be blank,N1-59,10229,Story,To Do,N1,Anh Hoang,Medium,,Man Man,Anh Hoang,Man Man,1/5/2023 15:21,3/15/2023 12:19,3/16/2023 13:15,,,0,EditCustomer,,,Man Man,629edf059248fe0069116b54,,,,,,,,,,,,,,,,,,,,,,,,,,N1-54,,,,,,,,,,,,,N1-4,Edit Customer,,,"An error message ""PIN Code must not be blank"" must be shown",,purple,,,0|i001dr:,,Sprint 1,,,,,,,,Unit,,Skip,,,To Do
EC12 - Verify Pin - Characters are not allowed,N1-58,10228,Story,To Do,N1,Anh Hoang,Medium,,Man Man,Anh Hoang,Man Man,1/5/2023 15:21,3/15/2023 12:19,3/16/2023 13:15,,,0,EditCustomer,,,Man Man,629edf059248fe0069116b54,,,,,,,,,,,,,,,,,,,,,,,,,,N1-54,,,,,,,,,,,,,N1-4,Edit Customer,,,,,purple,,,0|i001dj:,,Sprint 1,,,,,,,,Unit,"An error message ""Characters are not allowed"" must be shown",Skip,,,To Do
EC11 - Verify State- First character cannot have space,N1-57,10227,Story,To Do,N1,Anh Hoang,Medium,,Man Man,Anh Hoang,Man Man,1/5/2023 15:21,3/15/2023 12:19,3/16/2023 13:15,,,0,EditCustomer,,,Man Man,629edf059248fe0069116b54,,,,,,,,,,,,,,,,,,,,,,,,,,N1-54,,,,,,,,,,,,,N1-4,Edit Customer,,,"An error message ""First character cannot have space"" must be shown",,purple,,,0|i001db:,,Sprint 1,,,,,,,,Unit,,Skip,,,To Do
EC10 - Verify State – Numbers are not allowed,N1-56,10226,Story,To Do,N1,Anh Hoang,Medium,,Man Man,Anh Hoang,Man Man,1/5/2023 15:21,3/15/2023 12:19,3/16/2023 13:15,,,0,EditCustomer,,,Man Man,629edf059248fe0069116b54,,,,,,,,,,,,,,,,,,,,,,,,,,N1-54,,,,,,,,,,,,,N1-4,Edit Customer,,,"An error message "" Numbers are not allowed"" must be shown",,purple,,,0|i001d3:,,Sprint 1,,,,,,,,Unit,,Skip,,,To Do
EC09 - Verify State - State must not be blank,N1-55,10225,Story,To Do,N1,Anh Hoang,Medium,,Man Man,Anh Hoang,Man Man,1/5/2023 15:21,3/15/2023 12:18,3/16/2023 13:15,,,0,EditCustomer,,,Man Man,629edf059248fe0069116b54,,,,,,,,,,,,,,,,,,,,,,,,,,N1-54,,,,,,,,,,,,,N1-4,Edit Customer,,,"An error message ""State must not be blank"" must be shown",,purple,,,0|i001cv:,,Sprint 1,,,,,,,,Unit,,Skip,,,To Do
EC08 - Verify State – Numbers are not allowed,N1-54,10224,Story,To Do,N1,Anh Hoang,Medium,,Man Man,Anh Hoang,Man Man,1/5/2023 15:18,3/15/2023 12:18,3/16/2023 13:15,,,0,EditCustomer,,,Man Man,629edf059248fe0069116b54,,,,,,,,,,,,,,N1-55,N1-56,N1-57,N1-58,N1-59,N1-60,N1-61,,,,,,N1-49,,,,,,,,,,,,,N1-4,Edit Customer,,,"An error message ""Numbers are not allowed"" must be shown",,purple,,,0|i001cn:,,Sprint 1,,,,,,,,Unit,,Skip,,,To Do
EC07 - Verify City - First character can not have space,N1-53,10223,Story,To Do,N1,Anh Hoang,Medium,,Man Man,Anh Hoang,Man Man,1/5/2023 15:18,3/15/2023 12:13,3/16/2023 13:15,,,0,EditCustomer,,,Man Man,629edf059248fe0069116b54,,,,,,,,,,,,,,,,,,,,,,,,,,N1-49,,,,,,,,,,,,,N1-4,Edit Customer,,,"An error message ""First character can not have space"" must be shown",,purple,,,0|i001cf:,,Sprint 1,,,,,,,,Unit,,Skip,,,To Do
EC06 - Verify City – Numbers are not allowed,N1-52,10222,Story,To Do,N1,Anh Hoang,Medium,,Man Man,Anh Hoang,Man Man,1/5/2023 15:18,3/15/2023 12:18,3/16/2023 13:15,,,0,EditCustomer,,,Man Man,629edf059248fe0069116b54,,,,,,,,,,,,,,,,,,,,,,,,,,N1-49,,,,,,,,,,,,,N1-4,Edit Customer,,,"An error message ""Numbers are not allowed"" must be shown",,purple,,,0|i001c7:,,Sprint 1,,,,,,,,Unit,,Skip,,,To Do
EC05 - Verify City - City Field must not be blank,N1-51,10221,Story,To Do,N1,Anh Hoang,Medium,,Man Man,Anh Hoang,Man Man,1/5/2023 15:18,3/15/2023 12:18,3/16/2023 13:15,,,0,EditCustomer,,,Man Man,629edf059248fe0069116b54,,,,,,,,,,,,,,,,,,,,,,,,,,N1-49,,,,,,,,,,,,,N1-4,Edit Customer,,,"An error message ""City Field must not be blank"" must be shown",,purple,,,0|i001bz:,,Sprint 1,,,,,,,,Unit,,Skip,,,To Do
EC04 - Verify City - Special character are not allowed,N1-50,10220,Story,To Do,N1,Anh Hoang,Medium,,Man Man,Anh Hoang,Man Man,1/5/2023 15:18,3/15/2023 12:18,3/16/2023 13:15,,,0,EditCustomer,,,Man Man,629edf059248fe0069116b54,,,,,,,,,,,,,,,,,,,,,,,,,,N1-49,,,,,,,,,,,,,N1-4,Edit Customer,,,"An error message ""Special character are not allowed"" must be shown",,purple,,,0|i001br:,,Sprint 1,,,,,,,,Unit,,Skip,,,To Do
EC03 - Verify Address - Special characters are not allowed,N1-49,10219,Story,To Do,N1,Anh Hoang,Medium,,Man Man,Anh Hoang,Man Man,1/5/2023 15:16,3/15/2023 12:17,3/16/2023 13:15,,,0,EditCustomer,,,Man Man,629edf059248fe0069116b54,,,,,,,,,,,,,,N1-50,N1-51,N1-52,N1-53,N1-54,,,,,,,,N1-47,,,,,,,,,,,,,N1-4,Edit Customer,,,"An error message ""Special characters are not allowed"" must be shown",,purple,,,0|i001bj:,,Sprint 1,,,,,,,,Unit,,Skip,,,To Do
EC02 - Verify Address - First character can not have space,N1-48,10218,Story,To Do,N1,Anh Hoang,Medium,,Man Man,Anh Hoang,Man Man,1/5/2023 15:16,3/15/2023 12:13,3/16/2023 9:45,,,0,EditCustomer,,,Man Man,629edf059248fe0069116b54,,,,,,,,,,,,,,,,,,,,,,,,,,N1-47,,,,,,,,,,,,,N1-4,Edit Customer,,,"An error message ""First character can not have space"" must be shown",,purple,,,0|i001bb:,,Sprint 1,,,,,,,,Unit,,Skip,,,To Do
EC01 - Verify Address - Address Field must not be blank,N1-47,10217,Story,In Progress,N1,Anh Hoang,Medium,,Man Man,Anh Hoang,Man Man,1/5/2023 15:14,3/16/2023 12:40,3/16/2023 12:40,,,0,EditCustomer,,,Man Man,629edf059248fe0069116b54,,,,,,,,,,,,,,N1-48,N1-49,,,,,,,,,,,,,,,,,,,,,,,,N1-4,Edit Customer,,,"An error message ""Address Field must not be blank"" must be shown",,purple,,,0|i001b3:,,Sprint 1,,,,,,,,Unit,,Skip,,,In Progress
CP07 - Verify Change Password - Passwords do not Match,N1-46,10216,Story,Done,N1,Anh Hoang,Medium,Done,Nam Pham,Anh Hoang,Nam Pham,1/5/2023 15:05,3/15/2023 12:23,3/15/2023 14:08,1/5/2023 15:49,,0,ChangePassword,,,Nam Pham,63918a09fde064eda2f2a89b,,,,,,,,,,,,,,,,,,,,,,,,,,,05/Jan/23 3:49 PM;63918a09fde064eda2f2a89b;Screenshot_20230105_034901.png;https://hoanganhtuan102003.atlassian.net/secure/attachment/10271/Screenshot_20230105_034901.png,,error message shown,,,,,,,,,,N1-3,Change Password,,,"An error message ""First character can not have space"" must be shown",,purple,,,0|i001av:,,,,,,,,,,Unit,"1)Enter at-least one numeric value
2)Enter a different password than the old password
3) Press đăng kí",Pass,,,Done
CP06 - Verify Change Password - Confirm Password must not be blank,N1-45,10215,Story,Done,N1,Anh Hoang,Medium,Done,Nam Pham,Anh Hoang,Nam Pham,1/5/2023 15:05,3/15/2023 12:23,1/5/2023 15:47,1/5/2023 15:40,,0,ChangePassword,,,Nam Pham,63918a09fde064eda2f2a89b,,,,,,,,,,,,,,,,,,,,,,,,,,,05/Jan/23 3:44 PM;63918a09fde064eda2f2a89b;Screenshot_20230105_034424.png;https://hoanganhtuan102003.atlassian.net/secure/attachment/10270/Screenshot_20230105_034424.png,,error message shown,,,,,,,,,,N1-3,Change Password,,,"An error message ""First character can not have space"" must be shown",,purple,,,0|i001an:,,,,,,,,,,Unit,"1)Enter at-least one numeric value
2)Confirm Password must not be blank
3) Press đăng kí",Pass,,,Done
CP05 - Verify Change Password - Choose a difficult Password,N1-44,10214,Bug,In Progress,N1,Anh Hoang,Medium,,Nam Pham,Anh Hoang,Nam Pham,1/5/2023 15:05,3/15/2023 12:24,3/15/2023 14:06,,,0,ChangePassword,,,Nam Pham,63918a09fde064eda2f2a89b,,,,,,,,,,,,,,,,,,,,,,,,,,,05/Jan/23 3:34 PM;63918a09fde064eda2f2a89b;Screenshot_20230105_031037.png;https://hoanganhtuan102003.atlassian.net/secure/attachment/10268/Screenshot_20230105_031037.png,,No error message shown,,,,,,,,,,N1-3,Change Password,,,"An error message ""Choose a difficult Password"" must be shown",,purple,,,0|i001af:,,Sprint 1,,,,,,,,Unit,"1)Enter at-least one numeric value
2)choose an easy password for a new password
3) Press đăng kí",Fail,,,In Progress
CP04 - Verify Change Password - Enter at-least one special character,N1-43,10213,Bug,In Progress,N1,Anh Hoang,Medium,,Nam Pham,Anh Hoang,Nam Pham,1/5/2023 15:04,3/15/2023 12:24,3/15/2023 14:06,,,0,ChangePassword,,,Nam Pham,63918a09fde064eda2f2a89b,,,,,,,,,,,,,,,,,,,,,,,,,,,05/Jan/23 3:28 PM;63918a09fde064eda2f2a89b;Screenshot_20230105_031037.png;https://hoanganhtuan102003.atlassian.net/secure/attachment/10266/Screenshot_20230105_031037.png,,No error message shown,,,,,,,,,,N1-3,Change Password,,,"An error message ""Enter at-least one numeric value"" must be shown",,purple,,,0|i001a7:,,Sprint 1,,,,,,,,Unit,"1)Enter at-least one numeric value
2)do not enter  value in new Password
3) Press đăng kí",Fail,,,In Progress
CP03 - Verify Change Password - Enter at-least one numeric value,N1-42,10212,Bug,In Progress,N1,Anh Hoang,Medium,,Nam Pham,Anh Hoang,Nam Pham,1/5/2023 15:04,3/15/2023 12:24,3/15/2023 14:06,,,0,ChangePassword,,,Nam Pham,63918a09fde064eda2f2a89b,,,,,,,,,,,,,,,,,,,,,,,,,,,05/Jan/23 3:17 PM;63918a09fde064eda2f2a89b;Screenshot_20230105_031037.png;https://hoanganhtuan102003.atlassian.net/secure/attachment/10263/Screenshot_20230105_031037.png,,No error message shown,,,,,,,,,,N1-3,Change Password,,,"An error message ""Enter at-least one numeric value"" must be shown",,purple,,,0|i0019z:,,Sprint 1,,,,,,,,Unit,"1)Enter at-least one numeric value
2)do not enter numeric value in new Password
3) Press đăng kí",Fail,,,In Progress
CP02 - Verify Change Password - New Password must not be blank,N1-41,10211,Bug,In Progress,N1,Anh Hoang,Medium,,Nam Pham,Anh Hoang,Nam Pham,1/5/2023 15:04,3/15/2023 12:23,3/15/2023 13:34,,,0,ChangePassword,,,Nam Pham,63918a09fde064eda2f2a89b,,,,,,,,,,,,,,,,,,,,,,,,,,,05/Jan/23 3:10 PM;63918a09fde064eda2f2a89b;Screenshot_20230105_031037.png;https://hoanganhtuan102003.atlassian.net/secure/attachment/10262/Screenshot_20230105_031037.png,,No error message shown,,,,,,,,,,N1-3,Change Password,,,"An error message ""New Password must not be blank"" must be shown",,purple,,,0|i0019r:,,Sprint 1,,,,,,,,Unit,"1) Enter all required field
2) leave the new password blank
3)press ""Đăng ký""",Fail,,,In Progress
CP01 - Verify Change Password - Old Password must not be blank,N1-40,10210,Story,Done,N1,Anh Hoang,Medium,Done,Nam Pham,Anh Hoang,Nam Pham,1/5/2023 14:57,3/15/2023 12:23,3/15/2023 14:08,1/5/2023 15:03,,0,ChangePassword,,,Nam Pham,63918a09fde064eda2f2a89b,,,,,,,,,,,,,,,,,,,,,,,,,,,05/Jan/23 2:59 PM;63918a09fde064eda2f2a89b;Screenshot_20230105_025850.png;https://hoanganhtuan102003.atlassian.net/secure/attachment/10261/Screenshot_20230105_025850.png,,error message shown,,,,,,,,,,N1-3,Change Password,,,"An error message ""Old Password must not be blank"" must be shown",,purple,,,0|i0019j:,,,,,,,,,,Unit,"1) Enter all required field
2) leave the old password blank
3)press ""Đăng ký""",Pass,,,Done
NC23 - Verify City - First character can not have space,N1-39,10209,Story,To Do,N1,Anh Hoang,Medium,,Man Man,Anh Hoang,Man Man,1/5/2023 14:57,3/15/2023 12:12,3/15/2023 14:13,,,0,NewCustomer,,,Man Man,629edf059248fe0069116b54,,,,,,,,,,,,,,,,,,,,,,,,,,N1-33,,,,,,,,,,,,,N1-2,New Customer,,,"An error message ""First character can not have space"" must be shown",,purple,,,0|i0019b:,,Sprint 1,,,,,,,,Unit,1) Enter numeric value in NAME Field,Skip,,,To Do
NC22 - Verify City – Numbers are not allowed,N1-38,10208,Story,To Do,N1,Anh Hoang,Medium,,Man Man,Anh Hoang,Man Man,1/5/2023 14:56,3/15/2023 12:12,3/16/2023 13:15,,,0,NewCustomer,,,Man Man,629edf059248fe0069116b54,,,,,,,,,,,,,,,,,,,,,,,,,,N1-33,,,,,,,,,,,,,N1-2,New Customer,,,"An error message ""Numbers are not allowed"" must be shown",,purple,,,0|i00193:,,Sprint 1,,,,,,,,Unit,1) Enter numeric value in NAME Field,Skip,,,To Do
NC21 - Verify City - City Field must not be blank,N1-37,10207,Story,To Do,N1,Anh Hoang,Medium,,Man Man,Anh Hoang,Man Man,1/5/2023 14:56,3/15/2023 12:12,3/16/2023 13:15,,,0,NewCustomer,,,Man Man,629edf059248fe0069116b54,,,,,,,,,,,,,,,,,,,,,,,,,,N1-33,,,,,,,,,,,,,N1-2,New Customer,,,"An error message ""City Field must not be blankd"" must be shown",,purple,,,0|i0018v:,,Sprint 1,,,,,,,,Unit,1) Enter numeric value in NAME Field,Skip,,,To Do
NA07 - Verify Customer Name - First Character cannot be space,N1-36,10206,Bug,In Progress,N1,Anh Hoang,Medium,,Nam Pham,Anh Hoang,Nam Pham,1/5/2023 14:51,3/15/2023 14:06,3/15/2023 14:06,,,0,NewAccount,,,Nam Pham,63918a09fde064eda2f2a89b,,,,,,,,,,,,,,,,,,,,,,,,,,,15/Mar/23 2:06 PM;63918a09fde064eda2f2a89b;DKTC.png;https://hoanganhtuan102003.atlassian.net/secure/attachment/10319/DKTC.png,,"show notifications""Đăng ký thành công!""",,,,,,,,,,N1-1,New Account,,,show error message,,purple,,,0|i0018n:,,Sprint 1,,,,,,,,Unit,"1)Enter on the customer with the first character blank
2) Enter all required fields
3)Đăng Kí",Fail,,,In Progress
NA06 - Verify Customer Name - Customer  cannot have blank space,N1-35,10205,Bug,In Progress,N1,Anh Hoang,Medium,,Nam Pham,Anh Hoang,Nam Pham,1/5/2023 14:49,3/15/2023 14:06,3/15/2023 14:06,,,0,NewAccount,,,Nam Pham,63918a09fde064eda2f2a89b,,,,,,,,,,,,,,,,,,,,,,,,,,,15/Mar/23 2:06 PM;63918a09fde064eda2f2a89b;DKTC.png;https://hoanganhtuan102003.atlassian.net/secure/attachment/10318/DKTC.png,,"show notifications""Đăng ký thành công!""",,,,,,,,,,N1-1,New Account,,,show error message,,purple,,,0|i0018f:,,Sprint 1,,,,,,,,Unit,"1)Create a Customer Name that contains a space
2) Enter all required fields
3)Đăng Kí",Fail,,,In Progress
NA05 - Verify Customer Name - Customer Name cannot have special character,N1-34,10204,Bug,In Progress,N1,Anh Hoang,Medium,,Nam Pham,Anh Hoang,Nam Pham,1/5/2023 14:46,3/15/2023 14:05,3/15/2023 14:06,,,0,NewAccount,,,Nam Pham,63918a09fde064eda2f2a89b,,,,,,,,,,,,,N1-22,,,,,,,,,,,,,,15/Mar/23 2:05 PM;63918a09fde064eda2f2a89b;DKTC.png;https://hoanganhtuan102003.atlassian.net/secure/attachment/10316/DKTC.png,,"show notifications""Đăng ký thành công!""",,,,,,,,,,N1-1,New Account,,,show error message,,purple,,,0|i00187:,,Sprint 1,,,,,,,,Unit,"1)Enter a special character in the customer name
2) Enter all required fields
3)Đăng Kí",Fail,,,In Progress
NC20 - Verify City - Special character are not allowed,N1-33,10203,Story,To Do,N1,Anh Hoang,Medium,,Man Man,Anh Hoang,Man Man,1/5/2023 14:45,3/15/2023 12:12,3/16/2023 13:15,,,0,NewCustomer,,,Man Man,629edf059248fe0069116b54,,,,,,,,,,,,,,N1-37,N1-38,N1-39,,,,,,,,,,N1-21,,,,,,,,,,,,,N1-2,New Customer,,,"An error message ""Special character are not allowed"" must be shown",,purple,,,0|i0017z:,,Sprint 1,,,,,,,,Unit,1) Enter numeric value in NAME Field,Skip,,,To Do
NC19 - Verify Address - Special characters are not allowed,N1-32,10202,Story,To Do,N1,Anh Hoang,Medium,,Man Man,Anh Hoang,Man Man,1/5/2023 14:45,3/15/2023 12:12,3/16/2023 13:15,,,0,NewCustomer,,,Man Man,629edf059248fe0069116b54,,,,,,,,,,,,,,,,,,,,,,,,,,N1-21,,,,,,,,,,,,,N1-2,New Customer,,,"An error message ""Special characters are not allowed"" must be shown",,purple,,,0|i0017r:,,Sprint 1,,,,,,,,Unit,1) Enter numeric value in NAME Field,Skip,,,To Do
NC18 - Verify  Address - First character can not have space,N1-31,10201,Story,To Do,N1,Anh Hoang,Medium,,Man Man,Anh Hoang,Man Man,1/5/2023 14:45,3/15/2023 12:11,3/16/2023 13:15,,,0,NewCustomer,,,Man Man,629edf059248fe0069116b54,,,,,,,,,,,,,,,,,,,,,,,,,,N1-21,,,,,,,,,,,,,N1-2,New Customer,,,"An error message ""First character can not have space"" must be shown",,purple,,,0|i0017j:,,Sprint 1,,,,,,,,Unit,1) Enter numeric value in NAME Field,Skip,,,To Do
NA04 - Verify Customer Name - Customer Name must be numeric,N1-30,10200,Bug,In Progress,N1,Anh Hoang,Medium,,Nam Pham,Anh Hoang,Nam Pham,1/5/2023 14:45,3/15/2023 14:06,3/16/2023 12:39,,,0,NewAccount,,,Nam Pham,63918a09fde064eda2f2a89b,,,,,,,,,,,,,N1-22,,,,,,,,,,,,,,15/Mar/23 2:06 PM;63918a09fde064eda2f2a89b;DKTC.png;https://hoanganhtuan102003.atlassian.net/secure/attachment/10317/DKTC.png,,"show notifications""Đăng ký thành công!""",,,,,,,,,,N1-1,New Account,,,show error message,,purple,,,0|i0017b:,,Sprint 1,,,,,,,,Unit,"1)Enter a series of numbers in the customer name
2) Enter all required fields
3)Đăng Kí",Fail,,,In Progress
NC17 - Verify  Address - Address Field must not be blank,N1-29,10199,Story,To Do,N1,Anh Hoang,Medium,,Man Man,Anh Hoang,Man Man,1/5/2023 14:45,3/15/2023 12:11,3/16/2023 13:15,,,0,NewCustomer,,,Man Man,629edf059248fe0069116b54,,,,,,,,,,,,,,,,,,,,,,,,,,N1-21,,,,,,,,,,,,,N1-2,New Customer,,,"An error message ""Address Field must not be blank"" must be shown",,purple,,,0|i00173:,,Sprint 1,,,,,,,,Unit,1) Enter numeric value in NAME Field,Skip,,,To Do
NC16 - Verify Email - First character can not have space,N1-28,10198,Bug,In Progress,N1,Anh Hoang,Medium,,Man Man,Anh Hoang,Man Man,1/5/2023 14:45,3/15/2023 12:11,3/16/2023 13:15,,,0,NewCustomer,,,Man Man,629edf059248fe0069116b54,,,,,,,,,,,,,,,,,,,,,,,,,,N1-21,05/Jan/23 2:51 PM;629edf059248fe0069116b54;screenshot_1670905488 (15223434-49ef-4d20-a89f-a4e6b0703b93).png;https://hoanganhtuan102003.atlassian.net/secure/attachment/10260/screenshot_1670905488+%2815223434-49ef-4d20-a89f-a4e6b0703b93%29.png,,No error message shown,,,,,,,,,,N1-2,New Customer,,,"An error message ""First character can not have space"" must be shown",,purple,,,0|i0016v:,,Sprint 1,,,,,,,,Unit,1) Enter Blank space in Email ,Fail,,,In Progress
NC15 - Verify Email - Email ID is not valid,N1-27,10197,Story,Done,N1,Anh Hoang,Medium,Done,Man Man,Anh Hoang,Man Man,1/5/2023 14:45,3/15/2023 12:11,3/16/2023 13:15,1/5/2023 16:58,,0,NewCustomer,,,Man Man,629edf059248fe0069116b54,,,,,,,,,,,,,,,,,,,,,,,,,,N1-21,05/Jan/23 2:49 PM;629edf059248fe0069116b54;screenshot_1670905488 (f3fb0184-167f-4ce2-82ed-744805702856).png;https://hoanganhtuan102003.atlassian.net/secure/attachment/10259/screenshot_1670905488+%28f3fb0184-167f-4ce2-82ed-744805702856%29.png,,error message shown,,,,,,,,,,N1-2,New Customer,,,"An error message ""Email-ID is not valid"""" must be shown",,purple,,,0|i0016n:,,Sprint 1,,,,,,,,Unit,1) Enter invalid email in Email field,Pass,,,Done
NC14 - Verify Email - Email ID must not be blank,N1-26,10196,Story,Done,N1,Anh Hoang,Medium,Done,Man Man,Anh Hoang,Man Man,1/5/2023 14:45,3/15/2023 12:10,3/16/2023 13:15,1/5/2023 16:58,,0,NewCustomer,,,Man Man,629edf059248fe0069116b54,,,,,,,,,,,,,,,,,,,,,,,,,,N1-21,05/Jan/23 2:47 PM;629edf059248fe0069116b54;screenshot_1670905488 (34538ce7-6d42-416f-a4ff-bcf1fbb1896b).png;https://hoanganhtuan102003.atlassian.net/secure/attachment/10258/screenshot_1670905488+%2834538ce7-6d42-416f-a4ff-bcf1fbb1896b%29.png,,error message shown,,,,,,,,,,N1-2,New Customer,,,"An error message ""Email ID must not be blank"" must be shown",,purple,,,0|i0016f:,,Sprint 1,,,,,,,,Unit,"1) Do not enter a value in Email Field
2) Press TAB and move to next Field",Pass,,,Done
NA03 - Verify Customer Name - Customer Name cannot be empty,N1-24,10194,Story,Done,N1,Anh Hoang,Medium,Done,Nam Pham,Anh Hoang,Nam Pham,1/5/2023 14:42,3/15/2023 13:17,3/15/2023 13:44,3/15/2023 13:10,,0,NewAccount,,,Nam Pham,63918a09fde064eda2f2a89b,,,,,,,,,,,,,N1-22,,,,,,,,,,,,,,,,"show notifications""vui lòng điền vào trường này""",,,,,,,,,,N1-1,New Account,,,"show notifications""vui lòng điền vào trường này""",,purple,,,0|i00167:,,Sprint 1,,,,,,,,Unit,"1)Leave the customer name blank
2) Enter all required fields
3)Đăng Kí",Pass,,,Done
NA02 -Verify New Account - check customer name can't have special characters,N1-23,10193,Bug,In Progress,N1,Anh Hoang,Medium,,Nam Pham,Anh Hoang,Nam Pham,1/5/2023 14:34,3/15/2023 14:05,3/15/2023 14:03,,,0,NewAccount,,,Nam Pham,63918a09fde064eda2f2a89b,,,,,,,,,,,,,N1-22,,,,,,,,,,,,,,15/Mar/23 2:05 PM;63918a09fde064eda2f2a89b;Screenshot 2023-03-15 140449.png;https://hoanganhtuan102003.atlassian.net/secure/attachment/10315/Screenshot+2023-03-15+140449.png,,"Message""Đăng Ký thành công"" be shown",,,,,,,,,,N1-1,New Account,,,The website reported an error,,purple,,,0|i0015z:,,Sprint 1,,,,,,,,Unit,"1) Enter special characters in the customer's first and last name
2) Enter all required fields
3)Đăng Kí",Fail,,,In Progress
NA01 - Verify New Account - Check New Account is created,N1-22,10192,Story,Done,N1,Anh Hoang,Medium,Done,Nam Pham,Anh Hoang,Nam Pham,1/5/2023 14:13,1/5/2023 14:48,3/15/2023 13:16,1/5/2023 14:25,,0,NewAccount,,,Nam Pham,63918a09fde064eda2f2a89b,,,,,,,,,N1-23,N1-34,N1-24,N1-30,,,,,,,,,,,,,,,05/Jan/23 2:13 PM;63918a09fde064eda2f2a89b;Screenshot_20230105_014852.png;https://hoanganhtuan102003.atlassian.net/secure/attachment/10239/Screenshot_20230105_014852.png,,"Show message ""Account created successfully!!!"" and showing the account and password but still on the registration page",,,,,,,,,,N1-1,New Account,,,"Message""Đăng Ký thành công"" be shown",,purple,,,0|i0015r:,,,,,,,,,,Unit,"1) Enter all required fields
2) Đăng Kí",Pass,,,Done
NC13 - Verify Mobile Number - First character can not have space,N1-21,10191,Bug,In Progress,N1,Anh Hoang,Medium,,Man Man,Anh Hoang,Man Man,1/5/2023 14:11,3/15/2023 12:10,3/16/2023 13:15,,,0,NewCustomer,,,Man Man,629edf059248fe0069116b54,,,,,,,,,,,,,,N1-26,N1-27,N1-28,N1-29,N1-31,N1-32,N1-33,,,,,,N1-9,05/Jan/23 2:44 PM;629edf059248fe0069116b54;screenshot_1670905488.png;https://hoanganhtuan102003.atlassian.net/secure/attachment/10250/screenshot_1670905488.png,,No error message shown,,,,,,,,,,N1-2,New Customer,,,"An error message ""First character can not have space"" must be shown",,purple,,,0|i0015j:,,Sprint 1,,,,,,,,Unit,1) Enter numeric value in NAME Field,Fail,,,In Progress
NC12 - Verify Mobile Number  – Character are not allowed,N1-20,10190,Bug,In Progress,N1,Anh Hoang,Medium,,Man Man,Anh Hoang,Man Man,1/5/2023 14:11,3/15/2023 12:10,3/16/2023 13:15,,,0,NewCustomer,,,Man Man,629edf059248fe0069116b54,,,,,,,,,,,,,,,,,,,,,,,,,,N1-9,05/Jan/23 2:42 PM;629edf059248fe0069116b54;screenshot_1670905488.png;https://hoanganhtuan102003.atlassian.net/secure/attachment/10249/screenshot_1670905488.png,,No error message shown,,,,,,,,,,N1-2,New Customer,,,"An error message ""Character are not allowed"" must be shown",,purple,,,0|i0015b:,,Sprint 1,,,,,,,,Unit,1) Enter numeric value in NAME Field,Fail,,,In Progress
NC11 - Verify Mobile Number – Special character are not allowed,N1-19,10189,Bug,In Progress,N1,Anh Hoang,Medium,,Man Man,Anh Hoang,Man Man,1/5/2023 14:11,3/15/2023 12:08,3/16/2023 13:15,,,0,NewCustomer,,,Man Man,629edf059248fe0069116b54,,,,,,,,,,,,,,,,,,,,,,,,,,N1-9,05/Jan/23 2:38 PM;629edf059248fe0069116b54;screenshot_1670905488.png;https://hoanganhtuan102003.atlassian.net/secure/attachment/10248/screenshot_1670905488.png,,No error message shown,,,,,,,,,,N1-2,New Customer,,,"An error message ""Special character are not allowed"" must be shown",,purple,,,0|i00153:,,Sprint 1,,,,,,,,Unit,1) Enter Special Character In Telephone Field,Fail,,,In Progress
NC10 - Verify Mobile Number – Mobile no must not be blank,N1-18,10188,Story,Done,N1,Anh Hoang,Medium,Done,Man Man,Anh Hoang,Man Man,1/5/2023 14:11,3/15/2023 12:07,3/15/2023 13:39,1/5/2023 16:58,,0,NewCustomer,,,Man Man,629edf059248fe0069116b54,,,,,,,,,,,,,,,,,,,,,,,,,,N1-9,05/Jan/23 2:36 PM;629edf059248fe0069116b54;screenshot_1670905488.png;https://hoanganhtuan102003.atlassian.net/secure/attachment/10247/screenshot_1670905488.png,,error message shown,,,,,,,,,,N1-2,New Customer,,,"An error message ""Mobile no must not be blank"" must be shown",,purple,,,0|i0014v:,,Sprint 1,,,,,,,,Unit,"1) Do not enter a value in Telephone Field
2) Press TAB and move to next Field",Pass,,,Done
NC09 - Verify Pin - First character can not have space,N1-17,10187,Story,To Do,N1,Anh Hoang,Medium,,Man Man,Anh Hoang,Man Man,1/5/2023 14:11,3/15/2023 12:07,3/15/2023 13:39,,,0,NewCustomer,,,Man Man,629edf059248fe0069116b54,,,,,,,,,,,,,,,,,,,,,,,,,,N1-9,,,error message shown,,,,,,,,,,N1-2,New Customer,,,"An error message ""First character can not have space"" must be shown",,purple,,,0|i0014n:,,Sprint 1,,,,,,,,Unit,1) Enter numeric value in NAME Field,Skip,,,To Do
NC08 - Verify Pin –  PIN Code must have 6 Digits,N1-16,10186,Story,To Do,N1,Anh Hoang,Medium,,Man Man,Anh Hoang,Man Man,1/5/2023 14:11,3/15/2023 12:07,3/16/2023 13:15,,,0,NewCustomer,,,Man Man,629edf059248fe0069116b54,,,,,,,,,,,,,,,,,,,,,,,,,,N1-9,,,error message shown,,,,,,,,,,N1-2,New Customer,,,"An error message "" PIN Code must have 6 Digits"" must be shown",,purple,,,0|i0014f:,,Sprint 1,,,,,,,,Unit,1) Enter numeric value in NAME Field,Skip,,,To Do
"NC07 - Verify Pin – Special characters are not allowed
",N1-15,10185,Story,To Do,N1,Anh Hoang,Medium,,Man Man,Anh Hoang,Man Man,1/5/2023 14:11,3/15/2023 12:07,3/16/2023 13:15,,,0,NewCustomer,,,Man Man,629edf059248fe0069116b54,,,,,,,,,,,,,,,,,,,,,,,,,,N1-9,,,error message shown,,,,,,,,,,N1-2,New Customer,,,"An error message ""Special characters are not allowed"" must be shown",,purple,,,0|i00147:,,Sprint 1,,,,,,,,Unit,1) Enter numeric value in NAME Field,Skip,,,To Do
NC06 - Verify Pin – PIN Code must not be blank,N1-14,10184,Story,To Do,N1,Anh Hoang,Medium,,Man Man,Anh Hoang,Man Man,1/5/2023 14:11,3/15/2023 12:05,3/15/2023 13:40,,,0,NewCustomer,,,Man Man,629edf059248fe0069116b54,,,,,,,,,,,,,,,,,,,,,,,,,,N1-9,,,error message shown,,,,,,,,,,N1-2,New Customer,,,"An error message ""PIN Code must not be blank"" must be shown",,purple,,,0|i0013z:,,Sprint 1,,,,,,,,Unit,1) Enter numeric value in NAME Field,Skip,,,To Do
NC05 - Verify Pin - Characters are not allowed,N1-13,10183,Story,To Do,N1,Anh Hoang,Medium,,Man Man,Anh Hoang,Man Man,1/5/2023 14:11,3/15/2023 12:05,3/15/2023 14:14,,,0,NewCustomer,,,Man Man,629edf059248fe0069116b54,,,,,,,,,,,,,,,,,,,,,,,,,,N1-9,,,error message shown,,,,,,,,,,N1-2,New Customer,,,"An error message ""Characters are not allowed"" must be shown",,purple,,,0|i0013r:,,Sprint 1,,,,,,,,Unit,1) Enter numeric value in NAME Field,Skip,,,To Do
NC04 - Verify Customer Name – First character cannot have space,N1-12,10182,Bug,In Progress,N1,Anh Hoang,Medium,,Man Man,Anh Hoang,Man Man,1/5/2023 14:11,3/15/2023 12:04,3/16/2023 13:15,,,0,NewCustomer,,,Man Man,629edf059248fe0069116b54,,,,,,,,,,,,,,,,,,,,,,,,,,N1-9,05/Jan/23 2:20 PM;629edf059248fe0069116b54;screenshot_1670905488.png;https://hoanganhtuan102003.atlassian.net/secure/attachment/10241/screenshot_1670905488.png,,No error message shown,,,,,,,,,,N1-2,New Customer,,,"An error message ""First character cannot have space"" must be shown",,purple,,,0|i0013j:,,Sprint 1,,,,,,,,Unit,1) Enter numeric value in NAME Field,Fail,,,In Progress
NC03 - Verify Customer Name – Customer name must not be blank,N1-11,10181,Bug,In Progress,N1,Anh Hoang,Medium,,Man Man,Anh Hoang,Man Man,1/5/2023 14:11,3/15/2023 12:04,3/16/2023 13:15,,,0,NewCustomer,,,Man Man,629edf059248fe0069116b54,,,,,,,,,,,,,,,,,,,,,,,,,,N1-9,05/Jan/23 2:18 PM;629edf059248fe0069116b54;screenshot_1670905488.png;https://hoanganhtuan102003.atlassian.net/secure/attachment/10240/screenshot_1670905488.png,,No error message shown,,,,,,,,,,N1-2,New Customer,,,"An error message ""Customer name must not be blank"" must be shown",,purple,,,0|i0013b:,,Sprint 1,,,,,,,,Unit,1) Enter numeric value in NAME Field,Fail,,,In Progress
NC02 - Verify Customer Name – Special characters are not allowed,N1-10,10180,Bug,In Progress,N1,Anh Hoang,Medium,,Man Man,Anh Hoang,Man Man,1/5/2023 14:10,3/15/2023 12:03,3/16/2023 13:15,,,0,NewCustomer,,,Man Man,629edf059248fe0069116b54,,,,,,,,,,,,,,,,,,,,,,,,,,N1-9,05/Jan/23 2:13 PM;629edf059248fe0069116b54;screenshot_1670905488.png;https://hoanganhtuan102003.atlassian.net/secure/attachment/10238/screenshot_1670905488.png,,No error message shown,,,,,,,,,,N1-2,New Customer,,,"An error message ""Special characters are not allowed"" must be shown",,purple,,,0|i00133:,,Sprint 1,,,,,,,,Unit,1) Enter numeric value in NAME Field,Fail,,,In Progress
NC01 - Verify Customer Name – Numbers are not allowed,N1-9,10179,Bug,In Progress,N1,Anh Hoang,Medium,,Man Man,Anh Hoang,Man Man,1/5/2023 14:05,3/15/2023 12:01,3/15/2023 14:13,,,0,NewCustomer,,,Man Man,629edf059248fe0069116b54,,,,,,,,,,,,,,N1-10,N1-11,N1-12,N1-13,N1-14,N1-15,N1-16,N1-17,N1-18,N1-19,N1-20,N1-21,,05/Jan/23 2:09 PM;629edf059248fe0069116b54;screenshot_1672022806.png;https://hoanganhtuan102003.atlassian.net/secure/attachment/10225/screenshot_1672022806.png,,No error message shown,,,,,,,,,,N1-2,New Customer,,,"An error message ""Numbers are not allowed"" must be shown",,purple,,,0|i0012v:,,Sprint 1,,,,,,,,Unit,1) Enter numeric value in NAME Field,Fail,,,In Progress
Purchase,N1-8,10178,Epic,To Do,N1,Anh Hoang,Medium,,,Man Man,Man Man,1/5/2023 14:00,1/5/2023 16:27,3/16/2023 13:15,,,0,,,,Man Man,629edf059248fe0069116b54,,,,,,,,,,,,,,,,,,,,,,,,,,,,,,,,,,,,,,ghx-label-7,,,Transfer funds,To Do,,,purple,,,0|i0012n:,,,,,,,,,,,,,,,To Do
Login & Logout,N1-7,10177,Epic,To Do,N1,Anh Hoang,Medium,,,Man Man,Man Man,1/5/2023 13:57,1/5/2023 17:03,1/5/2023 15:58,,,0,,,,Man Man,629edf059248fe0069116b54,,,,,,,,,,,,,,,,,,,,,,,,,,,,,,,,,,,,,,ghx-label-7,,,Delete Customer,To Do,,,purple,,,0|i0012f:,,,,,,,,,,,,,,,To Do
Check Orders,N1-6,10176,Epic,To Do,N1,Anh Hoang,Medium,,,Man Man,Man Man,1/5/2023 13:57,1/5/2023 16:19,1/5/2023 15:51,,,0,,,,Man Man,629edf059248fe0069116b54,,,,,,,,,,,,,,,,,,,,,,,,,,,,,,,,,,,,,,ghx-label-7,,,Delete Account,To Do,,,purple,,,0|i00127:,,,,,,,,,,,,,,,To Do
Edit Account,N1-5,10175,Epic,To Do,N1,Anh Hoang,Medium,,,Man Man,Man Man,1/5/2023 13:57,1/5/2023 15:46,3/16/2023 13:15,,,0,,,,Man Man,629edf059248fe0069116b54,,,,,,,,,,,,,,,,,,,,,,,,,,,,,,,,,,,,,,ghx-label-7,,,Edit Account,To Do,,,purple,,,0|i0011z:,,,,,,,,,,,,,,,To Do
Edit Customer,N1-4,10174,Epic,To Do,N1,Anh Hoang,Medium,,,Man Man,Man Man,1/5/2023 13:57,1/5/2023 15:40,1/5/2023 15:53,,,0,,,,Man Man,629edf059248fe0069116b54,,,,,,,,,,,,,,,,,,,,,,,,,,,,,,,,,,,,,,ghx-label-7,,,Edit Customer,To Do,,,purple,,,0|i0011r:,,,,,,,,,,,,,,,To Do
Change Password,N1-3,10173,Epic,To Do,N1,Anh Hoang,Medium,,,Man Man,Man Man,1/5/2023 13:57,1/5/2023 16:59,3/13/2023 14:20,,,0,,,,Man Man,629edf059248fe0069116b54,,,,,,,,,,,,,,,,,,,,,,,,,,,,,,,,,,,,,,ghx-label-7,,,Change Password,To Do,,,purple,,,0|i0011j:,,,,,,,,,,,,,,,To Do
New Customer,N1-2,10172,Epic,To Do,N1,Anh Hoang,Medium,,,Nam Pham,Nam Pham,1/5/2023 13:56,1/5/2023 14:57,3/16/2023 12:40,,,0,,,,Nam Pham,63918a09fde064eda2f2a89b,,,,,,,,,,,,,,,,,,,,,,,,,,,,,,,,,,,,,,ghx-label-7,,,New Customer,To Do,,,purple,,,0|i0011b:,,,,,,,,,,,,,,,To Do
New Account,N1-1,10171,Epic,To Do,N1,Anh Hoang,Medium,,,Nam Pham,Nam Pham,1/5/2023 13:52,3/15/2023 13:55,3/15/2023 13:48,,,0,,,,Nam Pham,63918a09fde064eda2f2a89b,,,,,,,,,,,,,,,,,,,,,,,,,,,,,,,,,,,,,,ghx-label-7,,,New Account,To Do,,,purple,,,0|i00113:,,,,,,,,,,,,,,,To Do
